"RelativePath","Bytes","SHA256"
"catalog.csv","15593","234042A53895E65CC29F913DD1A06A08FD24FC60B58B2B62B1472189B70CE60C"
"catalog.json","26304","1729CEED1355866DE5C74DB43593E45C449AF5CC47595A4BDBA5106562290FE9"
"catalog/3d/visual-tools.md","837","C868CFA807FE70DF5B3789030D882C3CE614FC4DC2626B4D9C15A3F3F4C61D58"
"catalog/3d/webgl-and-tools.md","1245","1EC35057ED2A839059550E5B5C424C95BE34326462499DFB432946789DEEFBEA"
"catalog/benchmarks/ai-builders.md","905","893EF8FE4051A2EC1932BCEA95AC6AA224EA0A72E5D3209C29410F5AEE351B69"
"catalog/components/component-libraries.md","2410","D99802DFEE0324660F76A2F624A794A9AC75C851B63697BCCA120A17D3D2471F"
"catalog/components/data-visualization.md","864","52FA74BFFD8407FA23D0E626F1D84FFB1AE6FA987C50BA19FD62191216F9FCF6"
"catalog/design/icons.md","479","F683B5DF360DF99D5CC9810668385C4E4C0B4DECFFC8C8CA4C0C6DB286DE042D"
"catalog/design/typography-color-assets.md","986","691F08C49717B04D198FAAF647C5138A2ADAFF036AB1B191A0895CDBDF3B474A"
"catalog/foundations/ui-primitives.md","2306","5DDEDE62E2C6CAEC3F6DD0C1499F0B63EBDBE56E4930B90A3BB4053AA3215636"
"catalog/inspiration/cro-research.md","925","EC383BBBA946C83E5EB895CA24CF6F7D170A00ADB47AD44C858129535C635D41"
"catalog/inspiration/marketing-sites.md","1249","5749F657B4798FF1FB55A610BAD3638D67D586CA5E648D5228B49D4B1241810E"
"catalog/inspiration/personal-collections.md","333","3610F9B24CDEF7A7FE097E68654B76CAE192781B68B1E681D49FBB9236FE7BB4"
"catalog/inspiration/product-ui.md","1410","F759E6294E9133118BE7B9E3FF706547E7D2947AD08B4382DFAF888DC2A07ED2"
"catalog/motion/libraries.md","885","B3111B9ECAFE18ECB892B15593360B38A6F0C75AAA5A673D359CAEBC2292AD4C"
"catalog/qa/testing-accessibility.md","895","96EF445853EE6FDFE4F0489535EBA49C55CA3CF6EF3DC6DD7938CD295F670AFD"
"RESOURCE_POLICY.md","2502","3BD07723C5DDD065780E77863CFE48998676082726FFFDFBE0099706D50A5FDD"
